Feature,SHAP_Value,Embedding_Value
Embedding_245,-0.48546082,0.054339625
Embedding_424,0.45247006,-0.08399766
Embedding_246,-0.35900193,0.016186278
Embedding_713,0.3553899,-0.056176655
Embedding_362,-0.32291147,0.0021662377
Embedding_478,0.2897249,-0.017293645
Embedding_100,-0.23910648,0.0017686561
Embedding_287,-0.20449825,0.0023655556
Embedding_192,0.20254923,0.08890484
Embedding_443,-0.19366974,0.016271926
Embedding_95,-0.18643907,0.03325221
Embedding_114,0.18091115,0.021581706
Embedding_623,0.1803752,0.013332155
Embedding_706,-0.17579406,0.07012184
Embedding_544,0.16055214,0.104674384
Embedding_89,-0.15919483,0.059240777
Embedding_248,-0.15777892,-0.013510983
Embedding_658,0.15492913,-0.0033729598
Embedding_486,-0.15271612,-0.039098002
Embedding_366,-0.14965546,-0.0852488
Embedding_353,-0.13169312,-0.11654578
Embedding_519,-0.12844458,-0.023500107
Embedding_578,0.1260201,-0.008193839
Embedding_313,0.12025283,0.106462196
Embedding_118,0.11766738,0.06882311
Embedding_647,-0.11598806,0.05659475
Embedding_567,-0.1148298,-0.07228997
Embedding_83,-0.111237325,0.06186327
Embedding_151,-0.106394775,-0.039428677
Embedding_171,-0.106071725,-3.123656e-05
Embedding_462,0.10395314,0.049541667
Embedding_744,-0.103016734,-0.023206312
Embedding_378,0.10168047,0.020435099
Embedding_738,-0.09870389,-0.021292217
Embedding_461,-0.09455504,-0.008502789
Embedding_440,-0.09205946,-0.020203408
Embedding_598,-0.088607796,0.019784614
Embedding_505,0.086049475,0.051846232
Embedding_385,-0.08184459,-0.06496085
Embedding_217,0.080295466,0.16515742
Embedding_720,0.07965817,-0.013385579
Embedding_734,-0.07850631,0.14378282
Embedding_144,0.076297,0.19057137
Embedding_364,-0.07621512,-0.036398813
Embedding_67,0.07245836,0.06424553
Embedding_183,0.07216864,0.028848814
Embedding_233,0.070839435,-0.029342785
Embedding_134,0.07043032,0.033018332
Embedding_496,-0.068674654,0.10178521
Embedding_262,0.06748233,-0.039047085
Embedding_483,-0.06692882,0.0038186088
Embedding_419,0.06606844,-0.03711798
Embedding_599,-0.065629214,-0.08245474
Embedding_646,0.06266391,0.11574176
Embedding_211,-0.062253416,-0.0053668693
Embedding_761,-0.061451994,0.009147761
Embedding_78,-0.06087952,-0.11122297
Embedding_247,0.058615975,0.019747209
Embedding_241,-0.05854836,0.018554358
Embedding_266,-0.05402625,-0.11555649
Embedding_460,0.05151065,-0.017601568
Embedding_116,-0.050863855,-0.012609215
Embedding_235,-0.050364338,-0.0960488
Embedding_187,0.050101776,0.04494048
Embedding_677,0.049987964,-0.11133056
Embedding_594,0.048664372,0.08490755
Embedding_695,0.048658162,0.00665028
Embedding_493,-0.045001026,0.029434983
Embedding_524,-0.043221176,-0.040543538
Embedding_662,-0.042300154,0.13265628
Embedding_468,-0.041958526,-0.06790847
Embedding_289,-0.041637987,0.042141885
Embedding_452,-0.04009291,-0.03597077
Embedding_753,0.039957266,0.016391825
Embedding_447,0.03959065,-0.008803878
Embedding_427,0.039400663,-0.12823719
Embedding_597,0.03930972,0.098636
Embedding_683,-0.039014634,-0.053350203
Embedding_124,0.038830265,-0.1137514
Embedding_423,-0.038307503,-0.006582178
Embedding_169,-0.037389737,0.026786141
Embedding_566,0.036741097,0.09058675
Embedding_602,-0.036740255,0.024094937
Embedding_42,-0.03656199,-0.05082728
Embedding_351,-0.03632524,-0.015291974
Embedding_290,-0.035967827,0.06951894
Embedding_539,0.03502341,0.0121578295
Embedding_488,0.034851264,0.10131177
Embedding_321,0.034103595,0.07190655
Embedding_624,0.03399369,0.060611024
Embedding_551,-0.03368662,-0.55137825
Embedding_55,0.03323374,0.056800928
Embedding_315,0.03310514,0.00977866
Embedding_636,-0.033013873,-0.005294606
Embedding_391,0.032748006,-0.07351107
Embedding_609,0.03151708,0.081958465
Embedding_656,0.031230427,-0.15758152
Embedding_126,-0.030293025,-0.080228224
Embedding_325,-0.030119775,0.108582005
Embedding_330,-0.029977137,-0.29451805
Embedding_482,0.029966589,0.049374912
Embedding_736,-0.0298722,0.052499667
Embedding_491,0.029762182,-0.04667527
Embedding_439,-0.029331777,-0.070952184
Embedding_185,-0.028345156,0.076303095
Embedding_484,-0.027695393,-0.10379921
Embedding_358,0.027326096,0.033535637
Embedding_625,-0.027314663,0.119240664
Embedding_2,-0.02721475,-0.004138209
Embedding_667,0.027043309,-0.05873508
Embedding_164,-0.025698153,-0.01676374
Embedding_302,0.025688075,-0.10931023
Embedding_411,-0.02484193,0.060064793
Embedding_420,0.024822226,-0.13943554
Embedding_696,0.024808006,0.0075881537
Embedding_253,-0.024308717,0.009877967
Embedding_665,0.024033524,-0.024560895
Embedding_265,-0.023780387,0.0051971097
Embedding_227,-0.02377151,0.0030365735
Embedding_43,-0.023728147,-0.061552145
Embedding_107,0.023691226,0.018462157
Embedding_758,0.022150988,0.0050885472
Embedding_225,0.02214545,0.079251304
Embedding_571,-0.020473901,0.017639112
Embedding_389,-0.020110186,0.024972308
Embedding_574,0.020074336,-0.018813238
Embedding_741,0.019922594,0.05047001
Embedding_739,0.019827783,0.010416046
Embedding_455,0.019338947,-0.03122282
Embedding_74,0.01898568,0.016049035
Embedding_673,-0.018147985,0.034578115
Embedding_395,-0.016667632,0.013182726
Embedding_618,-0.01655573,8.2265586e-05
Embedding_304,0.016183604,0.017588943
Embedding_680,-0.015418508,-0.02774629
Embedding_367,-0.014967375,0.14493266
Embedding_629,-0.0137824435,-0.0068609864
Embedding_341,0.013493408,-0.010542568
Embedding_38,-0.01346123,-0.08596426
Embedding_601,-0.012993733,-0.13040264
Embedding_514,0.010870721,0.010526836
Embedding_177,-0.010190535,0.013348799
Embedding_29,-0.010178099,0.027357105
Embedding_37,-0.009917345,0.014494691
Embedding_584,-0.008855836,0.05475643
Embedding_365,-0.008388511,-0.053632803
Embedding_85,0.0072678234,-0.044618197
Embedding_631,-0.00702103,0.046910685
Embedding_477,-0.0068826443,0.07370877
Embedding_162,-0.0061324164,0.046870276
Embedding_412,0.0059832046,0.08642374
Embedding_457,-0.005934665,0.020950703
Embedding_565,-0.0057638297,-0.081099525
Embedding_670,0.0050825747,0.015606396
Embedding_143,0.0041113,0.024888776
Embedding_14,0.0040688394,0.06796887
Embedding_639,-0.004066988,-0.030991137
Embedding_403,-0.0040600826,0.10888079
Embedding_157,0.0039645727,0.13488841
Embedding_189,-0.0037800865,0.07082849
Embedding_71,-0.003485305,-0.011476664
Embedding_464,-0.0032926858,0.012721114
Embedding_541,0.0026784586,0.028737638
Embedding_308,0.002580495,0.03867811
Embedding_377,0.002494736,0.015674137
Embedding_554,0.0023682592,-0.0110768825
Embedding_147,0.0023185043,-0.020570915
Embedding_381,-0.002107161,-0.0053742975
Embedding_207,0.0019093694,0.0960042
Embedding_494,-0.0019077978,0.21109295
Embedding_26,-0.0018753774,0.121368736
Embedding_103,0.0017392803,0.046892565
Embedding_633,-0.0014895222,0.06958867
Embedding_588,-0.0014422,11.555282
Embedding_552,-0.001255255,-0.026557729
Embedding_626,-0.0012206992,0.010726705
Embedding_510,0.0010391724,-0.0022990145
Embedding_49,-0.0010320926,0.0038656164
Embedding_550,0.0010191484,0.042023677
Embedding_466,0.0009819877,-0.14144114
Embedding_589,-0.0009454163,0.01951152
Embedding_54,0.00082286244,-0.17217545
Embedding_612,0.00080185314,-0.00412039
Embedding_666,0.0007512163,0.0077764094
Embedding_188,0.0007179228,-0.030344456
Embedding_244,-0.00068351,-0.0057512484
Embedding_386,-0.0006805167,0.0029013492
Embedding_113,-0.00067676953,0.023548286
Embedding_146,0.00064754044,-0.05970765
Embedding_39,0.0006160577,0.0026078764
Embedding_641,0.0006082801,-0.0017500073
Embedding_6,0.00059965765,-0.029220283
Embedding_587,-0.00053862546,-0.042603634
Embedding_72,0.00050932396,-0.0044726133
Embedding_627,-0.00049417,0.023211632
Embedding_506,0.00044733874,-0.060268953
Embedding_122,0.0004299039,0.06192822
Embedding_283,0.0003799481,-0.054965615
Embedding_288,0.0003798175,0.04551203
Embedding_450,-0.00025465884,-0.028119452
Embedding_558,0.0002267002,-0.06948029
Embedding_526,-0.00015502487,-0.04567305
Embedding_5,-0.00014362196,-0.016389823
Embedding_352,-5.4951e-05,-0.07941716
Embedding_179,0.0,-0.019636251
Embedding_178,0.0,-0.046703734
Embedding_176,0.0,0.15068889
Embedding_175,0.0,-0.07425922
Embedding_174,0.0,-0.10228717
Embedding_173,0.0,-0.07571532
Embedding_172,0.0,0.027607221
Embedding_170,0.0,0.07693569
Embedding_142,0.0,0.034589343
Embedding_141,0.0,0.05093945
Embedding_140,0.0,-0.032177992
Embedding_139,0.0,-0.029979832
Embedding_138,0.0,0.038142506
Embedding_137,0.0,-0.055438846
Embedding_136,0.0,0.049704414
Embedding_135,0.0,0.032362796
Embedding_133,0.0,0.09764376
Embedding_132,0.0,0.059507933
Embedding_131,0.0,-0.11159621
Embedding_130,0.0,-0.043381914
Embedding_129,0.0,0.03438407
Embedding_128,0.0,-0.006985098
Embedding_191,0.0,-0.042840526
Embedding_190,0.0,0.0038195997
Embedding_28,0.0,0.008980777
Embedding_206,0.0,-0.019359801
Embedding_205,0.0,-0.03421408
Embedding_204,0.0,-0.021215543
Embedding_203,0.0,-0.1317909
Embedding_202,0.0,0.17169778
Embedding_201,0.0,-0.13258502
Embedding_200,0.0,0.04001372
Embedding_199,0.0,-0.071632236
Embedding_198,0.0,0.086808816
Embedding_197,0.0,-0.016105672
Embedding_196,0.0,-0.008598413
Embedding_195,0.0,0.05657295
Embedding_194,0.0,0.037961252
Embedding_193,0.0,0.027007475
Embedding_226,0.0,0.007952955
Embedding_224,0.0,-0.003801098
Embedding_223,0.0,0.106684536
Embedding_222,0.0,0.04854405
Embedding_221,0.0,0.015118297
Embedding_220,0.0,0.048119385
Embedding_219,0.0,0.026037984
Embedding_218,0.0,0.041822467
Embedding_216,0.0,0.115840495
Embedding_215,0.0,0.0016923465
Embedding_214,0.0,0.077151425
Embedding_213,0.0,0.12089292
Embedding_212,0.0,0.034780513
Embedding_210,0.0,0.039105345
Embedding_209,0.0,-0.046447996
Embedding_208,0.0,-0.01830919
Embedding_120,0.0,-0.02440495
Embedding_119,0.0,-0.0018636473
Embedding_117,0.0,0.055436276
Embedding_115,0.0,-0.013811555
Embedding_112,0.0,0.09037629
Embedding_239,0.0,0.059934724
Embedding_238,0.0,-0.09968896
Embedding_237,0.0,-0.06651028
Embedding_236,0.0,-0.10103668
Embedding_234,0.0,0.080187246
Embedding_232,0.0,-0.008344948
Embedding_231,0.0,0.018911567
Embedding_230,0.0,-0.033426158
Embedding_229,0.0,0.05517619
Embedding_228,0.0,0.051738355
Embedding_256,0.0,-0.08370626
Embedding_255,0.0,-0.07062498
Embedding_254,0.0,0.033556484
Embedding_252,0.0,0.046188597
Embedding_251,0.0,-0.105887
Embedding_250,0.0,-0.019118614
Embedding_249,0.0,-0.0034667626
Embedding_243,0.0,0.07489512
Embedding_242,0.0,0.0725817
Embedding_240,0.0,-0.013327993
Embedding_127,0.0,-0.058810055
Embedding_125,0.0,-0.055812463
Embedding_123,0.0,-0.09555322
Embedding_121,0.0,0.15874895
Embedding_275,0.0,0.038445115
Embedding_274,0.0,0.02828325
Embedding_273,0.0,-0.03935139
Embedding_272,0.0,-0.06371119
Embedding_271,0.0,-0.09996034
Embedding_270,0.0,0.02331293
Embedding_269,0.0,0.0108689545
Embedding_268,0.0,0.022569202
Embedding_267,0.0,-0.005298406
Embedding_264,0.0,-0.041579507
Embedding_263,0.0,0.027672578
Embedding_261,0.0,-0.04271814
Embedding_260,0.0,-0.03383214
Embedding_259,0.0,-0.021588951
Embedding_258,0.0,-0.057717085
Embedding_257,0.0,0.0019984879
Embedding_294,0.0,-0.06072005
Embedding_293,0.0,0.044946127
Embedding_292,0.0,-0.062672384
Embedding_291,0.0,-0.007731151
Embedding_286,0.0,-0.048172466
Embedding_285,0.0,0.05450765
Embedding_284,0.0,-0.035685115
Embedding_282,0.0,-0.1341391
Embedding_281,0.0,-0.06975055
Embedding_280,0.0,0.033189137
Embedding_279,0.0,0.017929502
Embedding_278,0.0,-0.045937054
Embedding_277,0.0,0.020269204
Embedding_276,0.0,-0.05196827
Embedding_311,0.0,-0.049894936
Embedding_310,0.0,-0.037258733
Embedding_309,0.0,0.0066360235
Embedding_307,0.0,-0.045069866
Embedding_306,0.0,-0.029766046
Embedding_305,0.0,-0.039326325
Embedding_303,0.0,-0.007748941
Embedding_301,0.0,0.024614818
Embedding_300,0.0,-0.08528465
Embedding_299,0.0,0.01147764
Embedding_298,0.0,0.011867449
Embedding_297,0.0,-0.058726773
Embedding_296,0.0,0.08770557
Embedding_295,0.0,0.0018963739
Embedding_332,0.0,0.090674885
Embedding_331,0.0,0.037658133
Embedding_329,0.0,0.40848768
Embedding_328,0.0,0.08446246
Embedding_327,0.0,-0.036287375
Embedding_326,0.0,0.021416096
Embedding_324,0.0,-0.062083766
Embedding_323,0.0,-0.052516036
Embedding_322,0.0,0.12532322
Embedding_320,0.0,-0.04359068
Embedding_319,0.0,-0.038446955
Embedding_318,0.0,-0.031178549
Embedding_317,0.0,-0.0033247322
Embedding_316,0.0,0.06892018
Embedding_314,0.0,0.04110202
Embedding_312,0.0,-0.123689026
Embedding_110,0.0,0.007805825
Embedding_109,0.0,-0.093208686
Embedding_108,0.0,0.08096338
Embedding_106,0.0,0.040613692
Embedding_105,0.0,-0.018688805
Embedding_104,0.0,-0.011473373
Embedding_102,0.0,0.046994045
Embedding_101,0.0,-0.12259106
Embedding_99,0.0,-0.06615391
Embedding_98,0.0,-0.08716132
Embedding_97,0.0,0.01817257
Embedding_96,0.0,-0.07282035
Embedding_335,0.0,-0.04201033
Embedding_334,0.0,0.059135176
Embedding_333,0.0,-0.08591209
Embedding_350,0.0,-0.05211754
Embedding_349,0.0,0.09248964
Embedding_348,0.0,0.018075002
Embedding_347,0.0,-0.10644032
Embedding_346,0.0,0.041548755
Embedding_345,0.0,0.0027467906
Embedding_344,0.0,0.035357855
Embedding_343,0.0,0.036948293
Embedding_342,0.0,-0.075971365
Embedding_340,0.0,-0.012255527
Embedding_339,0.0,0.15410632
Embedding_338,0.0,0.113013506
Embedding_337,0.0,0.062486175
Embedding_336,0.0,0.04120978
Embedding_111,0.0,0.0081637725
Embedding_372,0.0,0.034580603
Embedding_371,0.0,-0.08799952
Embedding_370,0.0,0.040379886
Embedding_369,0.0,0.019481637
Embedding_368,0.0,0.028853705
Embedding_363,0.0,-0.00516358
Embedding_361,0.0,-0.02529018
Embedding_360,0.0,-0.012410494
Embedding_359,0.0,-0.13403532
Embedding_357,0.0,-0.02016911
Embedding_356,0.0,-0.04314041
Embedding_355,0.0,0.013637535
Embedding_354,0.0,-0.012540672
Embedding_392,0.0,-0.031835824
Embedding_390,0.0,-0.03577078
Embedding_388,0.0,0.0875055
Embedding_387,0.0,-0.027694874
Embedding_384,0.0,0.056016754
Embedding_383,0.0,0.03120338
Embedding_382,0.0,-0.100015566
Embedding_380,0.0,-0.031149276
Embedding_379,0.0,0.17801279
Embedding_376,0.0,-0.013880841
Embedding_375,0.0,0.057243872
Embedding_374,0.0,0.03516085
Embedding_373,0.0,0.017528452
Embedding_408,0.0,0.027051259
Embedding_407,0.0,-0.019364215
Embedding_406,0.0,0.06141261
Embedding_405,0.0,-0.02922815
Embedding_404,0.0,-0.042396672
Embedding_402,0.0,-0.08604498
Embedding_401,0.0,0.041849848
Embedding_400,0.0,0.07219741
Embedding_399,0.0,0.018284397
Embedding_398,0.0,0.018033367
Embedding_397,0.0,-0.10647757
Embedding_396,0.0,0.017224997
Embedding_394,0.0,0.15688998
Embedding_393,0.0,-0.12114562
Embedding_91,0.0,0.12257012
Embedding_90,0.0,-0.022895217
Embedding_88,0.0,0.044017546
Embedding_87,0.0,-0.02391012
Embedding_86,0.0,0.12379815
Embedding_84,0.0,0.0019559413
Embedding_82,0.0,0.62233657
Embedding_81,0.0,-0.05049113
Embedding_80,0.0,0.031821903
Embedding_415,0.0,0.0005548671
Embedding_414,0.0,0.06770488
Embedding_413,0.0,-0.056082286
Embedding_410,0.0,-0.024604782
Embedding_409,0.0,-0.10788334
Embedding_433,0.0,-0.027691506
Embedding_432,0.0,-0.07118768
Embedding_431,0.0,0.03252217
Embedding_430,0.0,-0.056777403
Embedding_429,0.0,-0.02899959
Embedding_428,0.0,-0.033603393
Embedding_426,0.0,0.023390763
Embedding_425,0.0,0.041129056
Embedding_422,0.0,0.025158927
Embedding_421,0.0,0.0867033
Embedding_418,0.0,-0.11517854
Embedding_417,0.0,-0.00015052687
Embedding_416,0.0,-0.025056131
Embedding_94,0.0,0.11005121
Embedding_93,0.0,0.020028288
Embedding_92,0.0,-0.043043375
Embedding_454,0.0,-0.018280506
Embedding_453,0.0,-0.3382842
Embedding_451,0.0,-0.0015222058
Embedding_27,0.0,0.12277505
Embedding_449,0.0,0.025053252
Embedding_448,0.0,0.0404486
Embedding_446,0.0,0.12870274
Embedding_445,0.0,-0.03857982
Embedding_444,0.0,0.031674698
Embedding_442,0.0,0.050207794
Embedding_441,0.0,-0.0801806
Embedding_438,0.0,-0.089951955
Embedding_437,0.0,-0.011428297
Embedding_436,0.0,-0.014941223
Embedding_435,0.0,0.035208937
Embedding_434,0.0,-0.006249614
Embedding_474,0.0,0.0850808
Embedding_473,0.0,-0.120925635
Embedding_472,0.0,-0.09286974
Embedding_471,0.0,-0.07353468
Embedding_470,0.0,0.091198444
Embedding_469,0.0,-0.065197125
Embedding_467,0.0,-0.029936973
Embedding_25,0.0,0.041519023
Embedding_465,0.0,-0.037123404
Embedding_24,0.0,0.0055008046
Embedding_463,0.0,-0.05501017
Embedding_459,0.0,0.037528146
Embedding_458,0.0,-0.1261699
Embedding_23,0.0,0.109274074
Embedding_456,0.0,0.041070167
Embedding_22,0.0,-0.03232941
Embedding_76,0.0,-0.026125222
Embedding_75,0.0,0.04737065
Embedding_21,0.0,0.035758466
Embedding_73,0.0,0.052362025
Embedding_20,0.0,-0.11795731
Embedding_19,0.0,-0.0374868
Embedding_70,0.0,0.087376386
Embedding_69,0.0,0.09922342
Embedding_68,0.0,-0.030808453
Embedding_66,0.0,-0.034290973
Embedding_65,0.0,-0.07568308
Embedding_64,0.0,0.07648917
Embedding_479,0.0,-0.13268277
Embedding_18,0.0,-0.08122547
Embedding_476,0.0,0.016911453
Embedding_475,0.0,-0.020483218
Embedding_501,0.0,-0.07387318
Embedding_500,0.0,-0.033674434
Embedding_499,0.0,0.0125171505
Embedding_498,0.0,0.05798772
Embedding_497,0.0,-0.017306391
Embedding_495,0.0,0.00038369745
Embedding_17,0.0,-0.014450297
Embedding_492,0.0,0.120972365
Embedding_490,0.0,-0.03262436
Embedding_489,0.0,-0.121026814
Embedding_487,0.0,0.02126326
Embedding_485,0.0,-0.021293864
Embedding_481,0.0,0.07750311
Embedding_480,0.0,-0.05394376
Embedding_79,0.0,0.0009351373
Embedding_77,0.0,0.49865267
Embedding_518,0.0,-0.074887685
Embedding_517,0.0,-0.040753912
Embedding_516,0.0,-0.05567473
Embedding_515,0.0,0.013697457
Embedding_16,0.0,-0.06938784
Embedding_513,0.0,0.030078217
Embedding_512,0.0,0.2031829
Embedding_511,0.0,0.07059628
Embedding_735,0.0,0.020003755
Embedding_509,0.0,0.05747997
Embedding_508,0.0,-0.016000163
Embedding_507,0.0,-0.032404304
Embedding_733,0.0,0.054044858
Embedding_504,0.0,-0.09447235
Embedding_503,0.0,-0.013605423
Embedding_502,0.0,-0.06291276
Embedding_536,0.0,0.105763756
Embedding_535,0.0,0.032402843
Embedding_534,0.0,0.0058790296
Embedding_533,0.0,0.03577072
Embedding_532,0.0,0.109519474
Embedding_531,0.0,-0.06655682
Embedding_530,0.0,0.06915132
Embedding_529,0.0,-0.048468396
Embedding_528,0.0,0.085076965
Embedding_527,0.0,0.005473871
Embedding_732,0.0,0.066085204
Embedding_525,0.0,-0.06308505
Embedding_523,0.0,-0.024518862
Embedding_522,0.0,-0.047316357
Embedding_521,0.0,0.025846837
Embedding_520,0.0,-0.0058641843
Embedding_555,0.0,-0.010978408
Embedding_150,0.0,0.096336275
Embedding_553,0.0,0.14699802
Embedding_149,0.0,0.017010735
Embedding_148,0.0,0.008227009
Embedding_549,0.0,0.029756438
Embedding_548,0.0,0.024670668
Embedding_547,0.0,-0.07008406
Embedding_546,0.0,0.0036926046
Embedding_545,0.0,0.001025293
Embedding_543,0.0,0.018435046
Embedding_542,0.0,0.06915054
Embedding_145,0.0,0.060723945
Embedding_540,0.0,-0.061785914
Embedding_538,0.0,-0.024957143
Embedding_537,0.0,-0.018762965
Embedding_60,0.0,-0.07931043
Embedding_59,0.0,-0.098674595
Embedding_58,0.0,0.06650153
Embedding_57,0.0,0.011399366
Embedding_56,0.0,0.048613537
Embedding_15,0.0,-0.0056805536
Embedding_53,0.0,0.023015244
Embedding_52,0.0,0.014983055
Embedding_51,0.0,0.16414845
Embedding_50,0.0,-0.029832192
Embedding_13,0.0,-0.067306876
Embedding_48,0.0,0.00016606599
Embedding_559,0.0,0.019897416
Embedding_12,0.0,0.062322203
Embedding_557,0.0,0.061537564
Embedding_556,0.0,0.10990516
Embedding_576,0.0,0.10220755
Embedding_575,0.0,0.040029686
Embedding_573,0.0,0.12497831
Embedding_572,0.0,-0.08738476
Embedding_570,0.0,-0.1734495
Embedding_569,0.0,0.049712446
Embedding_568,0.0,-0.0030207154
Embedding_11,0.0,0.054728508
Embedding_564,0.0,-0.06641826
Embedding_563,0.0,0.071350016
Embedding_562,0.0,0.039715044
Embedding_561,0.0,0.15600076
Embedding_560,0.0,-0.052483417
Embedding_63,0.0,-0.044967793
Embedding_62,0.0,-0.0487506
Embedding_61,0.0,-0.229534
Embedding_593,0.0,-0.046784446
Embedding_592,0.0,0.0669148
Embedding_591,0.0,0.009815361
Embedding_590,0.0,0.019647766
Embedding_10,0.0,-0.07454695
Embedding_9,0.0,-0.05029212
Embedding_8,0.0,0.042468984
Embedding_586,0.0,0.08769489
Embedding_585,0.0,0.030253906
Embedding_7,0.0,0.02136229
Embedding_583,0.0,-0.031119522
Embedding_582,0.0,0.051932223
Embedding_581,0.0,0.17078954
Embedding_580,0.0,0.008751169
Embedding_579,0.0,0.07742298
Embedding_577,0.0,-0.07060571
Embedding_615,0.0,-0.09309691
Embedding_614,0.0,0.0714992
Embedding_613,0.0,0.0532944
Embedding_168,0.0,0.07187228
Embedding_611,0.0,0.015282773
Embedding_610,0.0,0.067237616
Embedding_608,0.0,-0.020538263
Embedding_607,0.0,-0.048419543
Embedding_606,0.0,-0.036437444
Embedding_605,0.0,0.073434934
Embedding_604,0.0,-0.05143647
Embedding_603,0.0,0.009685554
Embedding_167,0.0,-0.05748809
Embedding_600,0.0,-0.06908558
Embedding_596,0.0,-0.06137292
Embedding_595,0.0,-0.16035451
Embedding_634,0.0,-0.009938572
Embedding_166,0.0,0.016261965
Embedding_632,0.0,0.036640964
Embedding_165,0.0,-0.00747298
Embedding_630,0.0,-7.745996e-05
Embedding_163,0.0,-0.010389119
Embedding_628,0.0,0.06387296
Embedding_161,0.0,0.009224433
Embedding_160,0.0,0.1626165
Embedding_622,0.0,0.16407818
Embedding_621,0.0,0.030971877
Embedding_620,0.0,0.05220291
Embedding_619,0.0,0.103079036
Embedding_159,0.0,-0.022717305
Embedding_617,0.0,0.088001244
Embedding_616,0.0,0.02918277
Embedding_45,0.0,0.015328372
Embedding_44,0.0,0.047704253
Embedding_41,0.0,0.21739449
Embedding_40,0.0,0.090193115
Embedding_158,0.0,0.024104139
Embedding_156,0.0,0.08399149
Embedding_155,0.0,0.60683227
Embedding_36,0.0,-0.012704246
Embedding_35,0.0,0.10357434
Embedding_34,0.0,0.020834813
Embedding_33,0.0,-0.043294974
Embedding_32,0.0,0.087323666
Embedding_154,0.0,-0.116234146
Embedding_638,0.0,0.09923278
Embedding_637,0.0,-0.0047915503
Embedding_635,0.0,0.14457001
Embedding_655,0.0,0.049562
Embedding_654,0.0,0.1417397
Embedding_653,0.0,0.13751854
Embedding_652,0.0,0.015823707
Embedding_651,0.0,0.016878886
Embedding_650,0.0,0.015127061
Embedding_649,0.0,0.0867925
Embedding_648,0.0,-0.023407169
Embedding_645,0.0,-0.06472396
Embedding_644,0.0,0.026945502
Embedding_643,0.0,0.046232775
Embedding_642,0.0,-0.0015837811
Embedding_153,0.0,-0.025765821
Embedding_640,0.0,0.13970846
Embedding_47,0.0,-0.038404614
Embedding_46,0.0,-0.018629119
Embedding_676,0.0,-0.036854297
Embedding_675,0.0,0.042601846
Embedding_674,0.0,0.02680777
Embedding_152,0.0,-0.043312002
Embedding_672,0.0,0.15639824
Embedding_671,0.0,-0.06329708
Embedding_186,0.0,0.00075770915
Embedding_669,0.0,0.04096304
Embedding_668,0.0,-0.010795444
Embedding_184,0.0,-0.06540018
Embedding_664,0.0,0.0629932
Embedding_663,0.0,-0.10030129
Embedding_661,0.0,0.004387195
Embedding_660,0.0,-0.048035778
Embedding_659,0.0,-0.048658
Embedding_657,0.0,-0.073261976
Embedding_694,0.0,-0.0056355074
Embedding_693,0.0,0.022861948
Embedding_692,0.0,0.0604185
Embedding_691,0.0,0.056200355
Embedding_690,0.0,-0.033628747
Embedding_689,0.0,0.05476894
Embedding_688,0.0,-0.13661744
Embedding_687,0.0,0.15614848
Embedding_686,0.0,0.046174265
Embedding_685,0.0,-0.18722083
Embedding_684,0.0,0.06916621
Embedding_682,0.0,-0.004224986
Embedding_681,0.0,-0.056273907
Embedding_182,0.0,-0.11090819
Embedding_679,0.0,-0.018205918
Embedding_678,0.0,0.013488767
Embedding_714,0.0,-0.10334475
Embedding_712,0.0,-0.03823597
Embedding_711,0.0,-0.05822532
Embedding_710,0.0,-0.0033477023
Embedding_709,0.0,-0.01611434
Embedding_708,0.0,-0.07562316
Embedding_707,0.0,0.11058845
Embedding_705,0.0,-0.020898078
Embedding_704,0.0,0.07345168
Embedding_703,0.0,0.07386203
Embedding_702,0.0,-0.0055375323
Embedding_701,0.0,0.02889736
Embedding_700,0.0,0.024526125
Embedding_699,0.0,-0.03561315
Embedding_698,0.0,-0.051708847
Embedding_697,0.0,-0.020188894
Embedding_731,0.0,-0.13002895
Embedding_730,0.0,-0.07624021
Embedding_729,0.0,-0.0032237172
Embedding_728,0.0,-0.00808486
Embedding_727,0.0,0.022402167
Embedding_726,0.0,0.013288826
Embedding_725,0.0,0.08689179
Embedding_724,0.0,0.010976557
Embedding_723,0.0,0.00404191
Embedding_722,0.0,0.065517455
Embedding_721,0.0,-0.0926439
Embedding_719,0.0,0.061630793
Embedding_718,0.0,0.039702386
Embedding_717,0.0,0.04060124
Embedding_716,0.0,-0.06324921
Embedding_715,0.0,-0.016301386
Embedding_767,0.0,-0.045496203
Embedding_766,0.0,-0.04634464
Embedding_765,0.0,-0.1687006
Embedding_764,0.0,-0.02609133
Embedding_763,0.0,0.09447281
Embedding_762,0.0,0.08761023
Embedding_760,0.0,-0.09436536
Embedding_759,0.0,0.039358117
Embedding_757,0.0,-0.08165662
Embedding_756,0.0,0.07266223
Embedding_755,0.0,-0.014428429
Embedding_754,0.0,-0.010919686
Embedding_752,0.0,0.050918557
Embedding_31,0.0,-0.07917394
Embedding_30,0.0,-0.008313507
Embedding_181,0.0,0.115877345
Embedding_180,0.0,-0.00659281
Embedding_4,0.0,0.027912423
Embedding_3,0.0,-0.10308768
Embedding_1,0.0,0.1304953
Embedding_0,0.0,-0.11372648
Embedding_751,0.0,0.12039785
Embedding_750,0.0,0.12089732
Embedding_749,0.0,-0.023418607
Embedding_748,0.0,0.07511809
Embedding_747,0.0,0.03519372
Embedding_746,0.0,-0.049596116
Embedding_745,0.0,0.09676672
Embedding_743,0.0,-0.11769925
Embedding_742,0.0,-0.012075227
Embedding_740,0.0,0.06853003
Embedding_737,0.0,-0.068306595
